{"0.490880525490865":{"user_id":4},"0.45994162965024743":{"user_id":3},"0.43597614934275275":{"user_id":4},"0.4184773684559431":{"user_id":4},"0.48981962593563777":{"user_id":3},"0.8944821295904735":{"user_id":2},"0.4254047361014959":{"user_id":4}}